name,url,irt
Global Skills Development Report,https://www.shl.com/solutions/products/product-catalog/view/global-skills-development-report/,no
.NET Framework 4.5,https://www.shl.com/solutions/products/product-catalog/view/net-framework-4-5/,yes
.NET MVC (New),https://www.shl.com/solutions/products/product-catalog/view/net-mvc-new/,no
.NET MVVM (New),https://www.shl.com/solutions/products/product-catalog/view/net-mvvm-new/,no
.NET WCF (New),https://www.shl.com/solutions/products/product-catalog/view/net-wcf-new/,no
.NET WPF (New),https://www.shl.com/solutions/products/product-catalog/view/net-wpf-new/,no
.NET XAML (New),https://www.shl.com/solutions/products/product-catalog/view/net-xaml-new/,no
Accounts Payable (New),https://www.shl.com/solutions/products/product-catalog/view/accounts-payable-new/,no
Accounts Payable Simulation (New),https://www.shl.com/solutions/products/product-catalog/view/accounts-payable-simulation-new/,no
Accounts Receivable (New),https://www.shl.com/solutions/products/product-catalog/view/accounts-receivable-new/,no
Accounts Receivable Simulation (New),https://www.shl.com/solutions/products/product-catalog/view/accounts-receivable-simulation-new/,no
ADO.NET (New),https://www.shl.com/solutions/products/product-catalog/view/ado-net-new/,no
Adobe Experience Manager (New),https://www.shl.com/solutions/products/product-catalog/view/adobe-experience-manager-new/,no
Adobe Photoshop CC,https://www.shl.com/solutions/products/product-catalog/view/adobe-photoshop-cc/,yes
Aeronautical Engineering (New),https://www.shl.com/solutions/products/product-catalog/view/aeronautical-engineering-new/,no
Aerospace Engineering (New),https://www.shl.com/solutions/products/product-catalog/view/aerospace-engineering-new/,no
Agile Software Development,https://www.shl.com/solutions/products/product-catalog/view/agile-software-development/,no
Agile Testing (New),https://www.shl.com/solutions/products/product-catalog/view/agile-testing-new/,no
AI Skills,https://www.shl.com/solutions/products/product-catalog/view/ai-skills/,no
Amazon Web Services (AWS) Development (New),https://www.shl.com/solutions/products/product-catalog/view/amazon-web-services-aws-development-new/,no
Android Development (New),https://www.shl.com/solutions/products/product-catalog/view/android-development-new/,no
Angular 6 (New),https://www.shl.com/solutions/products/product-catalog/view/angular-6-new/,no
AngularJS (New),https://www.shl.com/solutions/products/product-catalog/view/angularjs-new/,no
Apache Hadoop (New),https://www.shl.com/solutions/products/product-catalog/view/apache-hadoop-new/,no
Apache Hadoop Extensions (New),https://www.shl.com/solutions/products/product-catalog/view/apache-hadoop-extensions-new/,no
Apache HBase (New),https://www.shl.com/solutions/products/product-catalog/view/apache-hbase-new/,no
Apache Hive (New),https://www.shl.com/solutions/products/product-catalog/view/apache-hive-new/,no
Apache Kafka (New),https://www.shl.com/solutions/products/product-catalog/view/apache-kafka-new/,no
Apache Pig (New),https://www.shl.com/solutions/products/product-catalog/view/apache-pig-new/,no
Apache Spark (New),https://www.shl.com/solutions/products/product-catalog/view/apache-spark-new/,no
ASP .NET with C# (New),https://www.shl.com/solutions/products/product-catalog/view/asp-net-with-c-new/,no
ASP.NET 4.5,https://www.shl.com/solutions/products/product-catalog/view/asp-net-4-5/,yes
Assessment and Development Center Exercises,https://www.shl.com/solutions/products/product-catalog/view/assessment-and-development-center-exercises/,no
Automata - Fix (New),https://www.shl.com/solutions/products/product-catalog/view/automata-fix-new/,no
Automata - SQL (New),https://www.shl.com/solutions/products/product-catalog/view/automata-sql-new/,no
Automata (New),https://www.shl.com/solutions/products/product-catalog/view/automata-new/,no
Automata Data Science (New),https://www.shl.com/solutions/products/product-catalog/view/automata-data-science-new/,no
Automata Data Science Pro (New),https://www.shl.com/solutions/products/product-catalog/view/automata-data-science-pro-new/,no
Automata Front End,https://www.shl.com/solutions/products/product-catalog/view/automata-front-end/,no
Automata Pro (New),https://www.shl.com/solutions/products/product-catalog/view/automata-pro-new/,no
Automata Selenium,https://www.shl.com/solutions/products/product-catalog/view/automata-selenium/,no
Automation Anywhere RPA Development (New),https://www.shl.com/solutions/products/product-catalog/view/automation-anywhere-rpa-development-new/,no
Automotive Engineering (New),https://www.shl.com/solutions/products/product-catalog/view/automotive-engineering-new/,no
Basic Biology (New),https://www.shl.com/solutions/products/product-catalog/view/basic-biology-new/,no
Basic Computer Literacy (Windows 10) (New),https://www.shl.com/solutions/products/product-catalog/view/basic-computer-literacy-windows-10-new/,no
Basic Statistics (New),https://www.shl.com/solutions/products/product-catalog/view/basic-statistics-new/,no
Biochemistry (New),https://www.shl.com/solutions/products/product-catalog/view/biochemistry-new/,no
Biotech Lab Techniques (New),https://www.shl.com/solutions/products/product-catalog/view/biotech-lab-techniques-new/,no
BizTalk (New),https://www.shl.com/solutions/products/product-catalog/view/biztalk-new/,no
Business Communication (adaptive),https://www.shl.com/solutions/products/product-catalog/view/business-communication-adaptive/,yes
Business Communications,https://www.shl.com/solutions/products/product-catalog/view/business-communications/,no
C Programming (New),https://www.shl.com/solutions/products/product-catalog/view/c-programming-new/,no
C# Programming (New),https://www.shl.com/solutions/products/product-catalog/view/c-programming-new-4039/,no
C++ Programming (New),https://www.shl.com/solutions/products/product-catalog/view/c-programming-new-4122/,no
Cardiology and Diabetes Management (New),https://www.shl.com/solutions/products/product-catalog/view/cardiology-and-diabetes-management-new/,no
Ceramic Engineering (New),https://www.shl.com/solutions/products/product-catalog/view/ceramic-engineering-new/,no
Chemical Engineering (New),https://www.shl.com/solutions/products/product-catalog/view/chemical-engineering-new/,no
Cisco AppDynamics (New),https://www.shl.com/solutions/products/product-catalog/view/cisco-appdynamics-new/,no
Civil Engineering (New),https://www.shl.com/solutions/products/product-catalog/view/civil-engineering-new/,no
Cloud Computing (New),https://www.shl.com/solutions/products/product-catalog/view/cloud-computing-new/,no
COBOL Programming (New),https://www.shl.com/solutions/products/product-catalog/view/cobol-programming-new/,no
Computer Science (New),https://www.shl.com/solutions/products/product-catalog/view/computer-science-new/,no
Contact Center Call Simulation (New),https://www.shl.com/solutions/products/product-catalog/view/contact-center-call-simulation-new/,no
Conversational Multichat Simulation,https://www.shl.com/solutions/products/product-catalog/view/conversational-multichat-simulation/,no
Core Java (Advanced Level) (New),https://www.shl.com/solutions/products/product-catalog/view/core-java-advanced-level-new/,no
Core Java (Entry Level) (New),https://www.shl.com/solutions/products/product-catalog/view/core-java-entry-level-new/,no
Count Out The Money,https://www.shl.com/solutions/products/product-catalog/view/count-out-the-money/,yes
CSS3 (New),https://www.shl.com/solutions/products/product-catalog/view/css3-new/,no
Culinary Skills (New),https://www.shl.com/solutions/products/product-catalog/view/culinary-skills-new/,no
Customer Service Phone Simulation,https://www.shl.com/solutions/products/product-catalog/view/customer-service-phone-simulation/,no
Customer Service Phone Solution,https://www.shl.com/solutions/products/product-catalog/view/customer-service-phone-solution/,no
Cyber Risk (New),https://www.shl.com/solutions/products/product-catalog/view/cyber-risk-new/,no
Data Entry (New),https://www.shl.com/solutions/products/product-catalog/view/data-entry-new/,no
Data Entry Alphanumeric Split Screen - US,https://www.shl.com/solutions/products/product-catalog/view/data-entry-alphanumeric-split-screen-us/,no
Data Entry Numeric Split Screen - US,https://www.shl.com/solutions/products/product-catalog/view/data-entry-numeric-split-screen-us/,no
Data Entry Ten Key Split Screen,https://www.shl.com/solutions/products/product-catalog/view/data-entry-ten-key-split-screen/,no
Data Science (New),https://www.shl.com/solutions/products/product-catalog/view/data-science-new/,no
Data Warehousing Concepts,https://www.shl.com/solutions/products/product-catalog/view/data-warehousing-concepts/,yes
Dependability and Safety Instrument (DSI),https://www.shl.com/solutions/products/product-catalog/view/dependability-and-safety-instrument-dsi/,no
Dermatology (New),https://www.shl.com/solutions/products/product-catalog/view/dermatology-new/,no
Desktop Support (New),https://www.shl.com/solutions/products/product-catalog/view/desktop-support-new/,no
Digital Advertising (New),https://www.shl.com/solutions/products/product-catalog/view/digital-advertising-new/,no
Digital Readiness Development Report - IC,https://www.shl.com/solutions/products/product-catalog/view/digital-readiness-development-report/,no
Digital Readiness Development Report - Manager,https://www.shl.com/solutions/products/product-catalog/view/digital-readiness-development-report-manager/,no
Docker (New),https://www.shl.com/solutions/products/product-catalog/view/docker-new/,no
Dojo (New),https://www.shl.com/solutions/products/product-catalog/view/dojo-new/,no
Drupal (New),https://www.shl.com/solutions/products/product-catalog/view/drupal-new/,no
DSI v1.1 Interpretation Report,https://www.shl.com/solutions/products/product-catalog/view/dsi-v1-1-interpretation-report/,no
Econometrics (New),https://www.shl.com/solutions/products/product-catalog/view/econometrics-new/,no
Economics (New),https://www.shl.com/solutions/products/product-catalog/view/economics-new/,no
Electrical and Electronics Engineering (New),https://www.shl.com/solutions/products/product-catalog/view/electrical-and-electronics-engineering-new/,no
Electrical Engineering (New),https://www.shl.com/solutions/products/product-catalog/view/electrical-engineering-new/,no
Electronics & Telecommunications Engineering (New),https://www.shl.com/solutions/products/product-catalog/view/electronics-and-telecommunications-engineering-new/,no
Electronics and Embedded Systems Engineering (New),https://www.shl.com/solutions/products/product-catalog/view/electronics-and-embedded-systems-engineering-new/,no
Electronics and Semiconductor Engineering (New),https://www.shl.com/solutions/products/product-catalog/view/electronics-and-semiconductor-engineering-new/,no
English Comprehension (New),https://www.shl.com/solutions/products/product-catalog/view/english-comprehension-new/,no
Enterprise Java Beans (New),https://www.shl.com/solutions/products/product-catalog/view/enterprise-java-beans-new/,no
Enterprise Leadership Report 1.0,https://www.shl.com/solutions/products/product-catalog/view/enterprise-java-beans-new/,no
Enterprise Leadership Report 2.0,https://www.shl.com/solutions/products/product-catalog/view/enterprise-leadership-report-2-0/,no
Entry Level Cashier Solution,https://www.shl.com/solutions/products/product-catalog/view/entry-level-cashier-solution/,no
Entry Level Customer Serv-Retail & Contact Center,https://www.shl.com/solutions/products/product-catalog/view/entry-level-customer-serv-retail-and-contact-center/,no
Entry Level Customer Service (General) Solution,https://www.shl.com/solutions/products/product-catalog/view/entry-level-customer-service-general-solution/,no
Entry Level Hotel Front Desk Solution,https://www.shl.com/solutions/products/product-catalog/view/entry-level-hotel-front-desk-solution/,no
Entry Level Sales Solution,https://www.shl.com/solutions/products/product-catalog/view/entry-level-sales-solution/,no
Entry Level Technical Support Solution,https://www.shl.com/solutions/products/product-catalog/view/entry-level-technical-support-solution/,no
ETL Testing (New),https://www.shl.com/solutions/products/product-catalog/view/etl-testing-new/,no
Executive Scenarios,https://www.shl.com/solutions/products/product-catalog/view/executive-scenarios/,no
Executive Scenarios Narrative Report,https://www.shl.com/solutions/products/product-catalog/view/executive-scenarios-narrative-report/,no
Executive Scenarios Profile Report,https://www.shl.com/solutions/products/product-catalog/view/executive-scenarios-profile-report/,no
ExpressJS (New),https://www.shl.com/solutions/products/product-catalog/view/expressjs-new/,no
Filing - Names (R1),https://www.shl.com/solutions/products/product-catalog/view/filing-names-r1/,no
Filing - Numbers,https://www.shl.com/solutions/products/product-catalog/view/filing-numbers/,no
Financial Accounting (New),https://www.shl.com/solutions/products/product-catalog/view/financial-accounting-new/,no
Financial and Banking Services (New),https://www.shl.com/solutions/products/product-catalog/view/financial-and-banking-services-new/,no
Fire Engineering (New),https://www.shl.com/solutions/products/product-catalog/view/fire-engineering-new/,no
Following Instructions v1 - UK (R1),https://www.shl.com/solutions/products/product-catalog/view/following-instructions-v1-uk-r1/,no
Following Instructions v1 - US (R2),https://www.shl.com/solutions/products/product-catalog/view/following-instructions-v1-us-r2/,no
Food and Beverage Services (New),https://www.shl.com/solutions/products/product-catalog/view/food-and-beverage-services-new/,no
Food Science (New),https://www.shl.com/solutions/products/product-catalog/view/food-science-new/,no
Front Office Management (New),https://www.shl.com/solutions/products/product-catalog/view/front-office-management-new/,no
Fundamentals of Chemistry (New),https://www.shl.com/solutions/products/product-catalog/view/fundamentals-of-chemistry-new/,no
Fundamentals of Physics (New),https://www.shl.com/solutions/products/product-catalog/view/fundamentals-of-physics-new/,no
General Diseases (New),https://www.shl.com/solutions/products/product-catalog/view/general-diseases-new/,no
Geoinformatics Engineering (New),https://www.shl.com/solutions/products/product-catalog/view/geoinformatics-engineering-new/,no
Geoscience Engineering (New),https://www.shl.com/solutions/products/product-catalog/view/geoscience-engineering-new/,no
GIT (New),https://www.shl.com/solutions/products/product-catalog/view/git-new/,no
Global Skills Assessment,https://www.shl.com/solutions/products/product-catalog/view/global-skills-assessment/,no
Graduate Scenarios,https://www.shl.com/solutions/products/product-catalog/view/graduate-scenarios/,no
Graduate Scenarios Narrative Report,https://www.shl.com/solutions/products/product-catalog/view/graduate-scenarios-narrative-report/,no
Graduate Scenarios Profile Report,https://www.shl.com/solutions/products/product-catalog/view/graduate-scenarios-profile-report/,no
Hibernate (New),https://www.shl.com/solutions/products/product-catalog/view/hibernate-new/,no
HIPAA (Security),https://www.shl.com/solutions/products/product-catalog/view/hipaa-security/,yes
HiPo Assessment Report 1.0,https://www.shl.com/solutions/products/product-catalog/view/hipo-assessment-report-1-0/,no
HiPo Assessment Report 2.0,https://www.shl.com/solutions/products/product-catalog/view/hipo-assessment-report-2-0/,no
HiPo Unlocking Potential Report 2.0,https://www.shl.com/solutions/products/product-catalog/view/hipo-unlocking-potential-report-2-0/,no
Housekeeping (New),https://www.shl.com/solutions/products/product-catalog/view/housekeeping-new/,no
HTML/CSS (New),https://www.shl.com/solutions/products/product-catalog/view/htmlcss-new/,no
HTML5 (New),https://www.shl.com/solutions/products/product-catalog/view/html5-new/,no
Human Resources (New),https://www.shl.com/solutions/products/product-catalog/view/human-resources-new/,no
IBM DataStage (New),https://www.shl.com/solutions/products/product-catalog/view/ibm-datastage-new/,no
IBM Sterling Order Management System (New),https://www.shl.com/solutions/products/product-catalog/view/ibm-datastage-new/,no
Industrial Engineering (New),https://www.shl.com/solutions/products/product-catalog/view/industrial-engineering-new/,no
Informatica (Architecture) (New),https://www.shl.com/solutions/products/product-catalog/view/informatica-architecture-new/,no
Informatica (Developer) (New),https://www.shl.com/solutions/products/product-catalog/view/informatica-developer-new/,no
Instrumentation Engineering (New),https://www.shl.com/solutions/products/product-catalog/view/instrumentation-engineering-new/,no
Interpersonal Communications,https://www.shl.com/solutions/products/product-catalog/view/interpersonal-communications/,yes
Interviewing and Hiring Concepts (U.S.),https://www.shl.com/solutions/products/product-catalog/view/interpersonal-communications/,yes
iOS Development (New),https://www.shl.com/solutions/products/product-catalog/view/ios-development-new/,no
ITIL (IT Infrastructure Library) (New),https://www.shl.com/solutions/products/product-catalog/view/itil-it-infrastructure-library-new/,no
Java 2 Platform Enterprise Edition 1.4 Fundamental,https://www.shl.com/solutions/products/product-catalog/view/java-2-platform-enterprise-edition-1-4-fundamental/,yes
Java 8 (New),https://www.shl.com/solutions/products/product-catalog/view/java-8-new/,no
Java Design Patterns (New),https://www.shl.com/solutions/products/product-catalog/view/java-design-patterns-new/,no
Java Frameworks (New),https://www.shl.com/solutions/products/product-catalog/view/java-frameworks-new/,no
Java Platform Enterprise Edition 7 (Java EE 7),https://www.shl.com/solutions/products/product-catalog/view/java-platform-enterprise-edition-7-java-ee-7/,yes
Java Web Services (New),https://www.shl.com/solutions/products/product-catalog/view/java-web-services-new/,no
JavaScript (New),https://www.shl.com/solutions/products/product-catalog/view/javascript-new/,no
Jenkins (New),https://www.shl.com/solutions/products/product-catalog/view/jenkins-new/,no
Job Control Language (New),https://www.shl.com/solutions/products/product-catalog/view/job-control-language-new/,no
jQuery (New),https://www.shl.com/solutions/products/product-catalog/view/jquery-new/,no
Kubernetes (New),https://www.shl.com/solutions/products/product-catalog/view/kubernetes-new/,no
Linux Administration (New),https://www.shl.com/solutions/products/product-catalog/view/linux-administration-new/,no
Linux Operating System,https://www.shl.com/solutions/products/product-catalog/view/linux-operating-system/,no
Linux Programming (General),https://www.shl.com/solutions/products/product-catalog/view/linux-programming-general/,yes
Load Runner (New),https://www.shl.com/solutions/products/product-catalog/view/load-runner-new/,no
Management Scenarios,https://www.shl.com/solutions/products/product-catalog/view/management-scenarios/,no
Managerial Scenarios Candidate Report,https://www.shl.com/solutions/products/product-catalog/view/managerial-scenarios-candidate-report/,no
Managerial Scenarios Narrative Report,https://www.shl.com/solutions/products/product-catalog/view/managerial-scenarios-narrative-report/,no
Managerial Scenarios Profile Report,https://www.shl.com/solutions/products/product-catalog/view/managerial-scenarios-profile-report/,no
Manual Testing (New),https://www.shl.com/solutions/products/product-catalog/view/manual-testing-new/,no
Manufac. & Indust. - Mechanical & Vigilance 8.0,https://www.shl.com/solutions/products/product-catalog/view/mechanical-and-vigilance-focus-8-0/,no
Manufac. & Indust. - Safety & Dependability 8.0,https://www.shl.com/solutions/products/product-catalog/view/safety-and-dependability-focus-8-0/,no
Manufacturing & Industrial - Essential Focus 8.0,https://www.shl.com/solutions/products/product-catalog/view/essential-focus-8-0/,no
Manufacturing & Industrial - Mechanical Focus 8.0,https://www.shl.com/solutions/products/product-catalog/view/mechanical-focus-8-0/,no
Manufacturing & Industrial - Vigilance Focus 8.0,https://www.shl.com/solutions/products/product-catalog/view/vigilance-focus-8-0/,no
Marketing (New),https://www.shl.com/solutions/products/product-catalog/view/marketing-new/,no
Maven (New),https://www.shl.com/solutions/products/product-catalog/view/maven-new/,no
Mechanical Engineering (New),https://www.shl.com/solutions/products/product-catalog/view/mechanical-engineering-new/,no
Mechatronics Engineering (New),https://www.shl.com/solutions/products/product-catalog/view/mechatronics-engineering-new/,no
Medical Terminology (New),https://www.shl.com/solutions/products/product-catalog/view/medical-terminology-new/,no
Metallurgical Engineering (New),https://www.shl.com/solutions/products/product-catalog/view/metallurgical-engineering-new/,no
MFS 360 Enterprise Leadership Report,https://www.shl.com/solutions/products/product-catalog/view/mfs-360-enterprise-leadership-report/,no
MFS 360 UCF Group Report,https://www.shl.com/solutions/products/product-catalog/view/mfs-360-ucf-group-report/,no
MFS 360 UCF Performance Potential Dev Tips Report,https://www.shl.com/solutions/products/product-catalog/view/mfs-360-ucf-performance-potential-dev-tips-report/,no
MFS 360 UCF Standard Report,https://www.shl.com/solutions/products/product-catalog/view/mfs-360-ucf-standard-report/,no
Micro Focus Unified Functional Testing (New),https://www.shl.com/solutions/products/product-catalog/view/micro-focus-unified-functional-testing-new/,no
Microservices (New),https://www.shl.com/solutions/products/product-catalog/view/microservices-new/,no
Microsoft Dynamics Development (New),https://www.shl.com/solutions/products/product-catalog/view/microsoft-dynamics-development-new/,no
Microsoft Excel 365 - Essentials (New),https://www.shl.com/solutions/products/product-catalog/view/microsoft-excel-365-essentials-new/,no
Microsoft Excel 365 (New),https://www.shl.com/solutions/products/product-catalog/view/microsoft-excel-365-new/,no
Microsoft Outlook 2013 (adaptive),https://www.shl.com/solutions/products/product-catalog/view/microsoft-outlook-2013-adaptive/,yes
Microsoft PowerPoint 365 - Essentials (New),https://www.shl.com/solutions/products/product-catalog/view/microsoft-powerpoint-365-essentials-new/,no
Microsoft SQL Server 2014 Programming,https://www.shl.com/solutions/products/product-catalog/view/microsoft-sql-server-2014-programming/,yes
Microsoft Windows Server 2012 Administration,https://www.shl.com/solutions/products/product-catalog/view/microsoft-windows-server-2012-administration/,yes
Microsoft Word 365 - Essentials (New),https://www.shl.com/solutions/products/product-catalog/view/microsoft-word-365-essentials-new/,no
Microsoft Word 365 (New),https://www.shl.com/solutions/products/product-catalog/view/microsoft-word-365-new/,no
Mineral Engineering (New),https://www.shl.com/solutions/products/product-catalog/view/mineral-engineering-new/,no
Mining Engineering (New),https://www.shl.com/solutions/products/product-catalog/view/mining-engineering-new/,no
Mobility (New),https://www.shl.com/solutions/products/product-catalog/view/mobility-new/,no
Molecular Biology (New),https://www.shl.com/solutions/products/product-catalog/view/molecular-biology-new/,no
MongoDB (New),https://www.shl.com/solutions/products/product-catalog/view/mongodb-new/,no
Motivation Questionnaire MQM5,https://www.shl.com/solutions/products/product-catalog/view/motivation-questionnaire-mqm5/,no
MQ Candidate Motivation Report,https://www.shl.com/solutions/products/product-catalog/view/mq-candidate-motivation-report/,no
MQ Employee Motivation Report,https://www.shl.com/solutions/products/product-catalog/view/mq-employee-motivation-report/,no
MQ Motivation Report Pack,https://www.shl.com/solutions/products/product-catalog/view/mq-motivation-report-pack/,no
MQ Profile,https://www.shl.com/solutions/products/product-catalog/view/mq-profile/,no
MS Access (New),https://www.shl.com/solutions/products/product-catalog/view/ms-access-new/,no
MS Excel (New),https://www.shl.com/solutions/products/product-catalog/view/ms-excel-new/,no
MS Office Basic Computer Literacy (New),https://www.shl.com/solutions/products/product-catalog/view/ms-office-basic-computer-literacy-new/,no
MS Office Basic Computer Literacy (Sim) (New),https://www.shl.com/solutions/products/product-catalog/view/ms-office-basic-computer-literacy-sim-new/,no
MS PowerPoint (New),https://www.shl.com/solutions/products/product-catalog/view/ms-powerpoint-new/,no
MS Word (New),https://www.shl.com/solutions/products/product-catalog/view/ms-word-new/,no
MuleSoft Development (New),https://www.shl.com/solutions/products/product-catalog/view/mulesoft-development-new/,no
Multitasking Ability,https://www.shl.com/solutions/products/product-catalog/view/multitasking-ability/,no
Networking and Implementation (New),https://www.shl.com/solutions/products/product-catalog/view/networking-and-implementation-new/,no
Node.js (New),https://www.shl.com/solutions/products/product-catalog/view/node-js-new/,no
Nursing (New),https://www.shl.com/solutions/products/product-catalog/view/nursing-new/,no
Occupational Personality Questionnaire OPQ32r,https://www.shl.com/solutions/products/product-catalog/view/occupational-personality-questionnaire-opq32r/,no
Operations Management (New),https://www.shl.com/solutions/products/product-catalog/view/operations-management-new/,no
OPQ Candidate Plus Report,https://www.shl.com/solutions/products/product-catalog/view/opq-candidate-plus-report/,no
OPQ Candidate Report 2.0,https://www.shl.com/solutions/products/product-catalog/view/opq-candidate-report-2-0/,no
OPQ Emotional Intelligence Report,https://www.shl.com/solutions/products/product-catalog/view/opq-emotional-intelligence-report/,no
OPQ Leadership Report,https://www.shl.com/solutions/products/product-catalog/view/opq-leadership-report/,no
OPQ Manager Plus Report,https://www.shl.com/solutions/products/product-catalog/view/opq-manager-plus-report/,no
OPQ Manager Plus Report 2.0,https://www.shl.com/solutions/products/product-catalog/view/opq-manager-plus-report-2-0/,no
OPQ Maximising your Learning Report,https://www.shl.com/solutions/products/product-catalog/view/opq-maximising-your-learning-report/,no
OPQ MQ Sales Report,https://www.shl.com/solutions/products/product-catalog/view/opq-mq-sales-report/,no
OPQ Premium Plus Report,https://www.shl.com/solutions/products/product-catalog/view/opq-premium-plus-report/,no
OPQ Premium Plus Report 2.0,https://www.shl.com/solutions/products/product-catalog/view/opq-premium-plus-report-2-0/,no
OPQ Profile Report,https://www.shl.com/solutions/products/product-catalog/view/opq-profile-report/,no
OPQ Team Impact Group Development Report,https://www.shl.com/solutions/products/product-catalog/view/opq-team-impact-group-development-report/,no
OPQ Team Impact Individual Development Report,https://www.shl.com/solutions/products/product-catalog/view/opq-team-impact-individual-development-report/,no
OPQ Team Impact Selection Report,https://www.shl.com/solutions/products/product-catalog/view/opq-team-impact-selection-report/,no
OPQ Team Types & Leadership Styles Profile,https://www.shl.com/solutions/products/product-catalog/view/opq-team-types-and-leadership-styles-profile/,no
OPQ Team Types and Leadership Styles Report,https://www.shl.com/solutions/products/product-catalog/view/opq-team-types-and-leadership-styles-report/,no
OPQ UCF Development Action Planner Report 1.0,https://www.shl.com/solutions/products/product-catalog/view/opq-ucf-development-action-planner-report/,no
OPQ UCF Development Action Planner Report 2.0,https://www.shl.com/solutions/products/product-catalog/view/opq-ucf-development-action-planner-report-2-0/,no
OPQ Universal Competency Report 1.0,https://www.shl.com/solutions/products/product-catalog/view/opq-universal-competency-report/,no
OPQ Universal Competency Report 2.0,https://www.shl.com/solutions/products/product-catalog/view/opq-universal-competency-report-2-0/,no
OPQ User and Managers Report,https://www.shl.com/solutions/products/product-catalog/view/opq-user-and-managers-report/,no
OPQ User Report,https://www.shl.com/solutions/products/product-catalog/view/opq-user-report/,no
Oracle DBA (Advanced Level) (New),https://www.shl.com/solutions/products/product-catalog/view/oracle-dba-advanced-level-new/,no
Oracle DBA (Entry Level) (New),https://www.shl.com/solutions/products/product-catalog/view/oracle-dba-entry-level-new/,no
Oracle PL/SQL (New),https://www.shl.com/solutions/products/product-catalog/view/oracle-plsql-new/,no
Oracle WebLogic Server (New),https://www.shl.com/solutions/products/product-catalog/view/oracle-weblogic-server-new/,no
Organic Chemistry (New),https://www.shl.com/solutions/products/product-catalog/view/organic-chemistry-new/,no
Paint Technology (New),https://www.shl.com/solutions/products/product-catalog/view/paint-technology-new/,no
Pediatrics (New),https://www.shl.com/solutions/products/product-catalog/view/pediatrics-new/,no
Pega Development (New),https://www.shl.com/solutions/products/product-catalog/view/pega-development-new/,no
Perl (New),https://www.shl.com/solutions/products/product-catalog/view/perl-new/,no
Petrochemical Engineering (New),https://www.shl.com/solutions/products/product-catalog/view/petrochemical-engineering-new/,no
Petroleum Engineering (New),https://www.shl.com/solutions/products/product-catalog/view/petroleum-engineering-new/,no
Pharmaceutical Analysis (New),https://www.shl.com/solutions/products/product-catalog/view/pharmaceutical-analysis-new/,no
Pharmaceutical Chemistry (New),https://www.shl.com/solutions/products/product-catalog/view/pharmaceutical-chemistry-new/,no
Pharmaceutical Science (New),https://www.shl.com/solutions/products/product-catalog/view/pharmaceutical-science-new/,no
Pharmaceutics (New),https://www.shl.com/solutions/products/product-catalog/view/pharmaceutics-new/,no
Pharmacology (New),https://www.shl.com/solutions/products/product-catalog/view/pharmacology-new/,no
PHP (New),https://www.shl.com/solutions/products/product-catalog/view/php-new/,no
PJM Development Report,https://www.shl.com/solutions/products/product-catalog/view/pjm-development-report/,no
PJM Selection Report,https://www.shl.com/solutions/products/product-catalog/view/pjm-selection-report/,no
Polymer Engineering (New),https://www.shl.com/solutions/products/product-catalog/view/polymer-engineering-new/,no
Power Electronics and Drives (New),https://www.shl.com/solutions/products/product-catalog/view/power-electronics-and-drives-new/,no
Power System Engineering (New),https://www.shl.com/solutions/products/product-catalog/view/power-system-engineering-new/,no
Prism (New),https://www.shl.com/solutions/products/product-catalog/view/prism-new/,no
Production and Industrial Engineering (New),https://www.shl.com/solutions/products/product-catalog/view/production-and-industrial-engineering-new/,no
Production Engineering (New),https://www.shl.com/solutions/products/product-catalog/view/production-engineering-new/,no
Programming Concepts,https://www.shl.com/solutions/products/product-catalog/view/programming-concepts/,yes
Project Management (2013),https://www.shl.com/solutions/products/product-catalog/view/project-management-2013/,yes
Proofreading v1,https://www.shl.com/solutions/products/product-catalog/view/proofreading-v1/,no
Python (New),https://www.shl.com/solutions/products/product-catalog/view/python-new/,no
R Programming (New),https://www.shl.com/solutions/products/product-catalog/view/r-programming-new/,no
ReactJS (New),https://www.shl.com/solutions/products/product-catalog/view/reactjs-new/,no
Reading Comprehension - English v1,https://www.shl.com/solutions/products/product-catalog/view/reading-comprehension-english-v1/,yes
Reading Comprehension - Spanish v1,https://www.shl.com/solutions/products/product-catalog/view/reading-comprehension-spanish-v1/,yes
Reading Comprehension v2,https://www.shl.com/solutions/products/product-catalog/view/reading-comprehension-v2/,yes
RemoteWorkQ,https://www.shl.com/solutions/products/product-catalog/view/remoteworkq/,no
RemoteWorkQ Manager Report,https://www.shl.com/solutions/products/product-catalog/view/remoteworkq-manager-report/,no
RemoteWorkQ Participant Report,https://www.shl.com/solutions/products/product-catalog/view/remoteworkq-participant-report/,no
RESTful Web Services (New),https://www.shl.com/solutions/products/product-catalog/view/restful-web-services-new/,no
Retail Sales and Service Simulation,https://www.shl.com/solutions/products/product-catalog/view/retail-sales-and-service-simulation/,no
Reviewing Forms - US (R1),https://www.shl.com/solutions/products/product-catalog/view/reviewing-forms-us-r1/,no
Ruby (New),https://www.shl.com/solutions/products/product-catalog/view/ruby-new/,no
Ruby on Rails (New),https://www.shl.com/solutions/products/product-catalog/view/ruby-on-rails-new/,no
Sales & Service Phone Simulation,https://www.shl.com/solutions/products/product-catalog/view/sales-and-service-phone-simulation/,no
Sales & Service Phone Solution,https://www.shl.com/solutions/products/product-catalog/view/sales-and-service-phone-solution/,no
Sales Interview Guide,https://www.shl.com/solutions/products/product-catalog/view/sales-interview-guide/,no
Sales Profiler Cards,https://www.shl.com/solutions/products/product-catalog/view/sales-profiler-cards/,no
Sales Transformation 1.0 - Individual Contributor,https://www.shl.com/solutions/products/product-catalog/view/sales-transformation-report-individual-contributor/,no
Sales Transformation 2.0 - Individual Contributor,https://www.shl.com/solutions/products/product-catalog/view/salestransformationreport2-0-individualcontributor/,no
Sales Transformation Report 1.0 - Sales Manager,https://www.shl.com/solutions/products/product-catalog/view/sales-transformation-report-sales-manager/,no
Sales Transformation Report 2.0 - Sales Manager,https://www.shl.com/solutions/products/product-catalog/view/sales-transformation-report-2-0-sales-manager/,no
Salesforce Development (New),https://www.shl.com/solutions/products/product-catalog/view/salesforce-development-new/,no
SAP ABAP (Advanced Level) (New),https://www.shl.com/solutions/products/product-catalog/view/sap-abap-advanced-level-new/,no
SAP ABAP (Intermediate Level) (New),https://www.shl.com/solutions/products/product-catalog/view/sap-abap-intermediate-level-new/,no
SAP Basis (New),https://www.shl.com/solutions/products/product-catalog/view/sap-basis-new/,no
SAP Business Objects WebI (New),https://www.shl.com/solutions/products/product-catalog/view/sap-business-objects-webi-new/,no
SAP BW (Business Warehouse) (New),https://www.shl.com/solutions/products/product-catalog/view/sap-bw-business-warehouse-new/,no
SAP HCM (Human Capital Management) (New),https://www.shl.com/solutions/products/product-catalog/view/sap-hcm-human-capital-management-new/,no
SAP Hybris (New),https://www.shl.com/solutions/products/product-catalog/view/sap-hybris-new/,no
SAP Materials Management (New),https://www.shl.com/solutions/products/product-catalog/view/sap-materials-management-new/,no
SAP SD (Sales and Distribution) (New),https://www.shl.com/solutions/products/product-catalog/view/sap-sd-sales-and-distribution-new/,no
Search Engine Optimization (New),https://www.shl.com/solutions/products/product-catalog/view/search-engine-optimization-new/,no
Selenium (New),https://www.shl.com/solutions/products/product-catalog/view/selenium-new/,no
Shell Scripting (New),https://www.shl.com/solutions/products/product-catalog/view/shell-scripting-new/,no
SHL Verify Interactive - Inductive Reasoning,https://www.shl.com/solutions/products/product-catalog/view/shl-verify-interactive-inductive-reasoning/,yes
SHL Verify Interactive – Deductive Reasoning,https://www.shl.com/solutions/products/product-catalog/view/shl-verify-interactive-deductive-reasoning/,yes
SHL Verify Interactive – Numerical Reasoning,https://www.shl.com/solutions/products/product-catalog/view/shl-verify-interactive-numerical-reasoning/,yes
SHL Verify Interactive G+,https://www.shl.com/solutions/products/product-catalog/view/shl-verify-interactive-g/,yes
SHL Verify Interactive Numerical Calculation,https://www.shl.com/solutions/products/product-catalog/view/shl-verify-interactive-numerical-calculation/,yes
Siebel Development (New),https://www.shl.com/solutions/products/product-catalog/view/siebel-development-new/,no
Smart Interview Live,https://www.shl.com/solutions/products/product-catalog/view/smart-interview-live/,no
Smart Interview Live Coding,https://www.shl.com/solutions/products/product-catalog/view/smart-interview-live-coding/,no
Smart Interview On Demand,https://www.shl.com/solutions/products/product-catalog/view/smart-interview-on-demand/,no
Social Media (New),https://www.shl.com/solutions/products/product-catalog/view/social-media-new/,no
Software Business Analysis,https://www.shl.com/solutions/products/product-catalog/view/software-business-analysis/,yes
SonarQube (New),https://www.shl.com/solutions/products/product-catalog/view/sonarqube-new/,no
Spelling (U.S.) (New),https://www.shl.com/solutions/products/product-catalog/view/spelling-u-s-new/,no
Split Screen Typing Test - Form 1,https://www.shl.com/solutions/products/product-catalog/view/split-screen-typing-test-form-1/,no
Spring (New),https://www.shl.com/solutions/products/product-catalog/view/spring-new/,no
SQL (New),https://www.shl.com/solutions/products/product-catalog/view/sql-new/,no
SQL Server (New),https://www.shl.com/solutions/products/product-catalog/view/sql-server-new/,no
SQL Server Analysis Services (SSAS) (New),https://www.shl.com/solutions/products/product-catalog/view/sql-server-analysis-services-%28ssas%29-%28new%29/,no
SQL Server Integration Services (SSIS) (New),https://www.shl.com/solutions/products/product-catalog/view/sql-server-integration-services-ssis-new/,no
SQL Server Reporting Services (SSRS) (New),https://www.shl.com/solutions/products/product-catalog/view/sql-server-reporting-services-ssrs-new/,no
Statistical Analysis System (New),https://www.shl.com/solutions/products/product-catalog/view/statistical-analysis-system-new/,no
Struts (New),https://www.shl.com/solutions/products/product-catalog/view/struts-new/,no
SVAR - Spoken English (AUS),https://www.shl.com/solutions/products/product-catalog/view/svar-spoken-english-aus/,no
SVAR - Spoken English (Indian Accent)  (New),https://www.shl.com/solutions/products/product-catalog/view/svar-spoken-english-indian-accent-new/,no
SVAR - Spoken English (U.K.),https://www.shl.com/solutions/products/product-catalog/view/svar-spoken-english-u-k/,no
SVAR - Spoken English (US)  (New),https://www.shl.com/solutions/products/product-catalog/view/svar-spoken-english-us-new/,no
SVAR - Spoken French (Canadian) (New),https://www.shl.com/solutions/products/product-catalog/view/svar-spoken-french-canadian-new/,no
SVAR - Spoken French (European) (New),https://www.shl.com/solutions/products/product-catalog/view/svar-spoken-french-european-new/,no
SVAR - Spoken Spanish (Castilian) (New),https://www.shl.com/solutions/products/product-catalog/view/svar-spoken-spanish-castilian-new/,no
SVAR - Spoken Spanish (North American) (New),https://www.shl.com/solutions/products/product-catalog/view/svar-spoken-spanish-north-american-new/,no
Swing (New),https://www.shl.com/solutions/products/product-catalog/view/swing-new/,no
Tableau (New),https://www.shl.com/solutions/products/product-catalog/view/tableau-new/,no
Telecommunications Engineering (New),https://www.shl.com/solutions/products/product-catalog/view/telecommunications-engineering-new/,no
Teradata Development (New),https://www.shl.com/solutions/products/product-catalog/view/teradata-development-new/,no
Time Management (U.S.),https://www.shl.com/solutions/products/product-catalog/view/teradata-development-new/,yes
Training Development,https://www.shl.com/solutions/products/product-catalog/view/training-development/,yes
Typing (New),https://www.shl.com/solutions/products/product-catalog/view/typing-new/,no
UiPath RPA Development (New),https://www.shl.com/solutions/products/product-catalog/view/uipath-rpa-development-new/,no
Universal Competency Framework Interview Guide,https://www.shl.com/solutions/products/product-catalog/view/universal-competency-framework-interview-guide/,no
Universal Competency Framework Job profiling guide,https://www.shl.com/solutions/products/product-catalog/view/universal-competency-framework-job-profiling-guide/,no
Universal Competency Framework Profiler Cards (44),https://www.shl.com/solutions/products/product-catalog/view/universal-competency-framework-profiler-cards-44/,no
UNIX (New),https://www.shl.com/solutions/products/product-catalog/view/unix-new/,no
VB.NET (New),https://www.shl.com/solutions/products/product-catalog/view/vb-net-new/,no
Verify - Deductive Reasoning,https://www.shl.com/solutions/products/product-catalog/view/verify-deductive-reasoning/,yes
Verify - Following Instructions,https://www.shl.com/solutions/products/product-catalog/view/verify-following-instructions/,no
Verify - G+,https://www.shl.com/solutions/products/product-catalog/view/verify-g/,yes
Verify - General Ability Screen,https://www.shl.com/solutions/products/product-catalog/view/verify-general-ability-screen/,yes
Verify - Inductive Reasoning (2014),https://www.shl.com/solutions/products/product-catalog/view/verify-inductive-reasoning-2014/,yes
Verify - Numerical Ability,https://www.shl.com/solutions/products/product-catalog/view/verify-numerical-ability/,yes
Verify - Technical Checking - Next Generation,https://www.shl.com/solutions/products/product-catalog/view/verify-technical-checking-next-generation/,no
Verify - Verbal Ability - Next Generation,https://www.shl.com/solutions/products/product-catalog/view/verify-verbal-ability-next-generation/,yes
Verify - Working with Information,https://www.shl.com/solutions/products/product-catalog/view/verify-working-with-information/,no
Verify G+ - Ability Test Report,https://www.shl.com/solutions/products/product-catalog/view/verify-g-ability-test-report/,no
Verify G+ - Candidate Report,https://www.shl.com/solutions/products/product-catalog/view/verify-g-candidate-report/,no
Verify Interactive Ability Report,https://www.shl.com/solutions/products/product-catalog/view/verify-interactive-ability-report/,no
Verify Interactive G+ Candidate Report,https://www.shl.com/solutions/products/product-catalog/view/verify-interactive-g-candidate-report/,no
Verify Interactive G+ Report,https://www.shl.com/solutions/products/product-catalog/view/verify-interactive-g-report/,no
Verify Interactive Process Monitoring,https://www.shl.com/solutions/products/product-catalog/view/verify-interactive-process-monitoring/,no
Virtual Assessment and Development Centers,https://www.shl.com/solutions/products/product-catalog/view/virtual-assessment-and-development-centers/,no
Visual Basic for Applications (New),https://www.shl.com/solutions/products/product-catalog/view/visual-basic-for-applications-new/,no
Visual Comparison - UK,https://www.shl.com/solutions/products/product-catalog/view/visual-comparison-uk/,no
Visual Comparison - US,https://www.shl.com/solutions/products/product-catalog/view/visual-comparison-us/,no
VLSI and Embedded Systems (New),https://www.shl.com/solutions/products/product-catalog/view/vlsi-and-embedded-systems-new/,no
What Is The Value - US,https://www.shl.com/solutions/products/product-catalog/view/what-is-the-value-us/,yes
Workplace Administration Skills (New),https://www.shl.com/solutions/products/product-catalog/view/workplace-administration-skills-new/,no
Workplace Health and Safety (New),https://www.shl.com/solutions/products/product-catalog/view/workplace-health-and-safety-new/,no
WriteX - Email Writing (Customer Service) (New),https://www.shl.com/solutions/products/product-catalog/view/writex-email-writing-customer-service-new/,no
WriteX - Email Writing (Managerial) (New),https://www.shl.com/solutions/products/product-catalog/view/writex-email-writing-managerial-new/,no
WriteX - Email Writing (Sales) (New),https://www.shl.com/solutions/products/product-catalog/view/writex-email-writing-sales-new/,no
Written English v1,https://www.shl.com/solutions/products/product-catalog/view/written-english-v1/,yes
Written Spanish,https://www.shl.com/solutions/products/product-catalog/view/written-spanish/,yes
Zabbix (New),https://www.shl.com/solutions/products/product-catalog/view/zabbix-new/,no
360 Digital Report,https://www.shl.com/solutions/products/product-catalog/view/360-digital-report/,no
360° Multi-Rater Feedback System (MFS),https://www.shl.com/solutions/products/product-catalog/view/360-multi-rater-feedback-system-mfs/,no